Cluster,Best TSP value,Number of Customers,Mean distance between points,Mean distance between points and centeroid,Dist between WH and Centeroid
0,0.0,0,0.0,6433.188338598211,6433.188338598211
1,515.949999995,30,247.29032258064515,5.42885288292255,18.337887061430568
2,292.58928572499997,10,40.68181818181818,5.247063892991618,29.37019961048889
3,0.0,0,0.0,6433.188338598211,6433.188338598211
